mobile_model_name,cnt
0P6B,3
0PJA10,2
0PM92,1
1,2
1.3,5
1.4,28
10 EVO,2
10 Pie,1
100003561,10
100003562,15
100005206,1
100005209,2
100011885,26
100011886,19
100011886A,9
100015685-A,3
100015685-E,2
100026191,16
100043279,4
100044018G,10
100044018P,7
100071481,14
100071483,12
100C,2
10Q,4
15 Plus,1
1503-A01,1
1503-M02,2
1505-A01,2
1505-A02,2
1601,2
1603-A02,2
1603-A03,2
1605-A01,3
1609,2
1610,2
1611,3
1612,1
16T,1
16s,1
16th,1
1707,1
1713,2
1718,3
1723,1
1724,1
1726,1
1727,1
1732A,2
1802,1
1803,1
1804,1
1806,2
1807,2
1808,1
1811,4
1812,1
1816,1
1817,1
1819,2
1820,2
1901,4
1902,3
1904,4
1906,5
1907,4
1907_19,4
1909,1
1915,1
1920,4
1933,3
1935,1
1937,1
1938,2
1x,1
2,1
2 V Tella,1
2.1,1
2.2,1
2.3,7
2.4,17
2014811,2
2015,2
2050,1
21051182G,3
21061110AG,5
21061119AG,7
21061119AL,2
21061119BI,1
21061119DG,22
2107113SG,21
2107113SI,1
21081111RG,9
21091116AG,5
21091116C,1
21091116I,2
21091116UC,1
21091116UG,2
2109119DG,15
211033MI,2
21121119SC,2
21121210G,1
2112123AC,1
2112123AG,2
22011119TI,1
22011119UY,3
2201116PG,8
2201116SG,12
2201116TG,7
2201117PG,15
2201117SG,1
2201117SY,3
2201117TG,6
2201117TY,27
22011211C,1
2201122C,42
2201123G,1
220233L2G,3
2203129G,3
220333QAG,5
220333QNY,3
22041211AC,1
22041216C,1
22041216I,2
2206123SC,2
2PST2,2
2Q55100,2
2e,1
3.1,3
3.1 A,2
3.1 C,1
3.1 Lite,2
3.1 Plus,6
3.2,1
3.4,25
3503I Mega 3,2
3505I,2
3600I,3
3632A,2
3V,3
4,1
4.2,7
4009D,2
4026,2
402SO,2
4034A,2
4034D,2
4034E,2
4034F,2
4034G,2
4034X,2
4047X,1
4049D,2
4049G,2
4055U,2
4060O,2
4060W,2
4087U_EEA,3
4187D,1
4188C,58
4G,2
4G503,2
5.1 Plus,3
5.3,16
5.4,11
50 Saphir,2
5001D_EEA,1
5001J,1
5002C,6
5002D_EEA,1
5002E,1
5002F,1
5002H_EEA,25
5002L,7
5002R,66
5002S,1
5002W,4
5002X,1
5003D_EEA,5
5004C,8
5004R,24
5004S,14
5005R,9
5007A,2
5007G,1
5007S,3
5007U,1
5007U_EEA,1
5007W,53
5007Z,33
5008R,3
5008Y_EEA,1
5010D,2
5010E,2
5010G,2
5010S,2
5010X,2
5012G,2
5023F,2
5024D EEA,1
5025X,2
5027B,2
5028D_EEA,3
5028Y_EEA,8
5029D,2
5029E,1
5029Y EEA,6
5030A,1
5030D EEA,2
5030F EEA,1
5031G,8
5032W,24
5033A,1
5033D,5
5033E,2
5033F,2
5033G_EEA,2
5033M,1
5033XR,11
5033X_EEA,4
5039D_EEA,1
5041,2
5041C,3
5044A,2
5044D,2
5044O,2
5044R,2
5044Y,2
5045A,2
5045D,3
5045J,2
5045T,2
5046Y,2
5048U,1
5048Y_EEA,2
5049W,3
5051A,1
5051D,2
5051J,2
5051M,2
5051X,2
5052D,3
5056A,2
5056D,2
5056E,2
5056G,1
5056I,1
5056N,2
5056O,2
5056W,2
5056X,2
5057M,2
5058,1
5059,2
5059S,4
5059Z,3
5060D,1
5061K_EEA,2
5062W,15
5062Z,74
507SH,2
5080A,2
5080Q,2
5080X,2
5085A,2
5085D,2
5085J,2
5085N,2
5085O,1
5085Q,2
5085Y,2
5087Z,190
5095I,3
5095K,2
5098O,2
5099Y,3
50e Neon,2
5102L,24
5102O,1
5145A,2
5267,2
55 Diamond Selfie,3
55 Helium,1
5530,2
6.1,5
6.1 Plus,2
6.2,5
601SO,2
6025D EEA,2
6025H EEA,23
6045B,2
6045Y,2
6055B,2
6055P,2
6055U,3
6056D,1
6056H,5
6062W,1
6070K,2
6102D,9
6102H,16
6125F,2
6127I,2
6156D,2
6159K,1
6165A,2
6165H,3
6525LVW,3
6535LVW,5
6607,2
7 Plus,6
7 Pro,2
7.1,4
7.2,11
7008,1
701SO,1
7070Q,2
7070X,2
750,2
785 Tablet,2
7Q,1
8 V 5G UW,4
8.1,1
8.3 5G,2
8010,1
802D,2
802T,1
802W,2
8030,1
8060,2
8063,1
8082,1
8082 EEA,1
8088,2
8092 EEA,2
8094X,1
831C,2
8675 - FHD,2
8675-F01,2
8681-A01,2
8681-M02,2
8690,2
8690-T00,2
8692-A00,2
8750,2
9,2
9001X,2
9003A,2
9003X,2
9024W,2
9027W,2
9027X EEA,2
9029G,3
9029W,4
9029Z,7
9030,2
9032W,7
9032X_EEA,1
9032Z,168
9048S,3
9049L,1
9060,3
9198S,6
9203A,2
9309X,1
A0001,3
A007,2
A063,6
A1,3
A1-737,2
A10,2
A10-70L,2
A100,3
A101S,2
A11,1
A11 Pro Max,1
A12,2
A13,2
A14,1
A15,2
A16 Plus,1
A1601,5
A1R,2
A2,2
A2016a40 B,2
A2016b30,2
A2016b31,2
A2017G,2
A2017U,1
A25,2
A26C4H,2
A3,4
A30,3
A3000,3
A3003,6
A3010,15
A31,2
A33m,2
A350,1
A37f,1
A4001,2
A4001 Plus,2
A41,2
A41 Plus,2
A5 Pro,2
A5 Ready TM,2
A5000,36
A5010,20
A501DL,1
A502DL,3
A503DL,2
A506,2
A507DL,34
A508DL,4
A509DL,387
A509W,2
A51,5
A55,3
A55 Pro,3
A551L,2
A57,2
A571L,1
A574BL,2
A57t,2
A59s,1
A60,3
A60 Plus,2
A60 Pro,1
A6000,8
A6001,2
A6003,19
A600DL,126
A6010,7
A6013,36
A6020136,3
A6020137,3
A6020a46,2
A62,1
A6600a40,2
A6600d40,2
A661W,1
A7,5
A7 Pro,1
A7-30DC,1
A70,10
A70 Pro,7
A7000,3
A7010a48,2
A7020,1
A7020a40,2
A7020a48,2
A7030,3
A73,2
A737,2
A74A*,1
A75 MAX,2
A768t,2
A7700,2
A7S,2
A8,2
A8-831,2
A8-930,2
A80,2
A80 Plus,3
A80Pro,5
A80S,2
A82,2
A880,2
A9,5
A9 Pro,4
A90,1
A91,2
A95,3
A97,2
A97 2GB Plus,2
A990,2
A9U,1
A9u,1
AB7,1
AC2001,2
AC2003,19
AC8,2
ACTAB1021,1
ACTAB1021_A,1
ACTAB1022,1
ACTAB821,1
ADS1,2
ADVANCE 4.0 L2,2
AE9010,2
AGR-W09,1
AGS-L03,2
AGS-L09,5
AGS-L09 Mediapad T5,4
AGS-W09,23
AGS3-W09,1
ALE-L02,2
ALE-L21,3
ALE-L23,2
ALP-AL00,1
ALP-L09,2
ALP-L29,1
AM350,2
AM508,2
AMN-LX1,1
AMN-LX2,1
AMN-LX9,6
ANA-AN00,1
ANE-LX1,60
ANE-LX2,3
ANE-LX3,5
ANY-NX1,5
APOLLO,1
AQM-LX1,2
AQUOS SHL23,1
ARE-AL00,1
ARS-AL00,1
ART-L29,3
ART-L29N,1
AS993,4
ASTRO,1
ASUS_X00QD,1
ATH-AL00,3
ATH-UL01,3
ATH-UL06,2
ATU-L11,2
ATU-L21,2
ATU-L31,1
ATU-LX3,1
AUM-AL20,1
AUM-AL29,1
AUM-L41,2
AX1010,2
AX1065E,2
AX1070,2
AX680+,2
AX681,2
AX685,2
AX750,2
AX8,2
AX820,2
AX821,2
AX920,2
AX921,2
Access 50 4G,1
Action-X3,1
Active 1,1
Advance 4.0 L3,2
Advance 5.0 HD,1
Advance L5,3
AirTab M101W,2
Alba7Pie,1
Allure M1,1
Allure M3 Lite,1
Alpha,1
Alpha 21,2
Andromax B26D2H,2
Andy 4E4,2
Apollo,1
Apollo Lake Chromebook,1
Apollo Lite,1
Aqua Pro 4G,2
Aqua Strong 5.1,2
Aqua Strong 5.1+,1
Aquaris C,1
Aquaris E5,2
Aquaris M4.5,2
Aquaris M5,3
Aquaris U,2
Aquaris U Lite,2
Aquaris U Plus,2
Aquaris X5,2
Aquos SH-02F,2
Armor 11 5G,3
Armor 3,2
Armor 6E,2
Armor 7E,2
Armor 8,1
Armor 8 Pro,2
Armor 9E,1
Armor X3,1
Armor X5,5
Armor X7,1
Armor X7 Pro,2
Armor X8,6
Armor X9 Pro,1
Armor_X6,1
Astro,1
Astro 55R,12
Atlantic4G,1
Atom,2
Atom XL,2
Aura,2
Ax5s,2
B1-770,1
B110DL,4
B130DL,91
B131DL,156
B140DL,203
B1F,2
B1P,2
B1g,2
B2015,2
B2017G,3
B2021,1
B3-A10,2
B3-A32,2
B3-A40,2
B3-A50,1
B5032,1
BA520,6
BA611C,2
BAC-L21,1
BAC-TL00,3
BAH-L09,1
BAH-W09,2
BAH2-L09,2
BAH2-W19,6
BB2,7
BB4k,1
BBB100-2,1
BBB100-7,2
BC1s,1
BC2,1
BC2c,5
BC3,1
BD2P,2
BD3,2
BD4,1
BD4a,1
BD4h,3
BD4j,2
BE2011,5
BE2012,26
BE2013,19
BE2015,103
BE2025,64
BE2026,9
BE2028,67
BE2029,4
BE6,5
BE7,1
BERRY,2
BG2-U01,2
BG2-W09,2
BGO-DL09,2
BGO-L03,2
BISON,3
BKK-LX2,1
BKL-L09,3
BL155,1
BL6000 Pro,1
BLA-A09,2
BLA-AL00,2
BLA-L09,18
BLA-L29,3
BLADE 0820,2
BLADE A512,2
BLADE A602,2
BLADE A610,2
BLADE L7,2
BLADE V7 LITE,2
BLADE V9,1
BLL-L21,3
BLL-L22,1
BLL-L23,2
BLN-AL10,2
BLN-L21,5
BLN-L22,2
BLN-TL10,1
BND-AL10,1
BND-L21,10
BND-L34,4
BQ-6010G,1
BQ-6042L,1
BQ-6050,2
BQ-7098G,1
BQS-5020,2
BQS-5050,1
BQS-5520,2
BRQ-AN00,1
BTV-DL09,2
BTV-W09,2
BV0707,2
BV0710,2
BV0720,2
BV0730,2
BV4900,3
BV4900 Pro,3
BV4900s,2
BV5000,2
BV5500,2
BV5800,2
BV5900,2
BV6000,3
BV6300,3
BV6300Pro,1
BV6600,1
BV6600 Pro,1
BV6600E,1
BV7000 PRO,2
BV9600E,1
BV9700 Pro,2
BV9800 Pro,1
BV9900Pro,2
Be Pure Lite,2
Be Touch 2,2
Blade A3 2019,5
Blade A3 2020,2
Blade A3 2020RU,2
Blade A3 Lite,2
Blade A310,2
Blade A315,1
Blade A5 2019,1
Blade A5 2020,8
Blade A5 2020RU,1
Blade A51,4
Blade A510,2
Blade A511,1
Blade A601,2
Blade A7 2019,1
Blade A7 2020,1
Blade A7S 2020-T,1
Blade A7s,1
Blade A910,2
Blade L210,2
Blade L8,3
Blade V0720,2
Blade V0730,2
Blade V10 Vita,1
Blade V6 Plus,2
Blade V7,2
Blade V770,2
Blade X Max,2
Blade X9,2
Bonvi Note,2
Butterfly,3
C-8,2
C01 Plus,16
C1,1
C1 Plus,1
C10,2
C100,1
C106,3
C106-6,2
C106-9,2
C12,1
C19,2
C2,2
C2 Tennen,16
C20,10
C20 Pro,7
C21,7
C21 Plus,15
C21 Pro,5
C22,1
C30,2
C3600,2
C4,2
C5,2
C5 2019,2
C5 Endi,8
C5 Plus,1
C5 Pro,2
C5L,7
C5L 2020,4
C5L Max,44
C5S,2
C6 2020,2
C6502,2
C6602,2
C6603,2
C6606,2
C6742A,1
C6743,2
C6802,1
C6806,2
C6833,2
C6843,2
C6902,3
C6903,2
C6916,2
C6930,6
C6943,2
C6L,1
C6L 2020,7
C7,2
C9,2
CAG-L22,1
CAM-AL00,2
CAM-L03,2
CAM-L21,2
CAM-L23,2
CAM-L32,2
CAM-TL00,4
CAM-TL00H,1
CAM-UL00,2
CAN-L01,2
CAN-L11,3
CAN-L13,2
CAZ-AL10,2
CC6,3
CC7,10
CC9,5
CD6,4
CD6j,5
CD7,6
CD8,1
CD8J,1
CDY-AN20,15
CDY-NX9A,9
CE7J,1
CE7j,6
CE8,2
CE9,3
CF7,3
CF7k,3
CF8,3
CG6,7
CG6j,2
CG7,5
CG7n,1
CG8,1
CG8h,2
CH6,5
CH6h,1
CH6n,2
CH7,2
CH7n,1
CH9,2
CHC-U01,2
CHC-U23,1
CHEETAH,2
CHM-U01,2
CI2542,2
CI6,3
CI8,2
CLT-AL00,1
CLT-L04,4
CLT-L09,110
CLT-L29,25
CMA-LX1,5
CMA-LX2,1
CMR-AL09,1
CMR-W09,1
CN810,2
COL-L29,12
COR-AL00,1
COR-AL10,1
COR-L29,6
CP10,2
CP3320AS2,8
CP3504L,1
CP3648A,2
CP3648AT,2
CP3667AT,1
CP3669AS,6
CP3706AS,12
CP8298_I00,2
CP8676_I03,2
CPH1605,2
CPH1607,4
CPH1609,2
CPH1611,3
CPH1613,3
CPH1707,2
CPH1715,2
CPH1717,1
CPH1719,1
CPH1723,1
CPH1725,1
CPH1729,2
CPH1801,1
CPH1803,2
CPH1809,1
CPH1819,2
CPH1823,4
CPH1831,1
CPH1851,1
CPH1853,1
CPH1859,1
CPH1877,1
CPH1879,1
CPH1893,1
CPH1901,3
CPH1903,2
CPH1907,8
CPH1909,4
CPH1911,2
CPH1917,5
CPH1919,1
CPH1921,4
CPH1923,2
CPH1931,43
CPH1933,3
CPH1937,25
CPH1941,3
CPH1943,1
CPH1951,9
CPH1969,3
CPH1979,4
CPH1989,5
CPH2001,1
CPH2005,24
CPH2009,12
CPH2015,2
CPH2021,5
CPH2023,1
CPH2025,8
CPH2043,2
CPH2059,1
CPH2061,1
CPH2065,5
CPH2067,41
CPH2069,4
CPH2071,1
CPH2083,4
CPH2089,7
CPH2091,9
CPH2095,4
CPH2109,1
CPH2119,3
CPH2121,5
CPH2125,2
CPH2127,60
CPH2135,12
CPH2145,38
CPH2159,4
CPH2161,1
CPH2173,12
CPH2179,4
CPH2185,68
CPH2195,89
CPH2197,29
CPH2203,2
CPH2205,4
CPH2207,15
CPH2209,2
CPH2211,35
CPH2217,4
CPH2219,13
CPH2223,2
CPH2235,3
CPH2237,1
CPH2239,6
CPH2247,1
CPH2249,1
CPH2251,1
CPH2263,2
CPH2269,10
CPH2271,80
CPH2273,41
CPH2285,1
CPH2305,6
CPH2307,4
CPH2325,4
CPH2333,8
CPH2343,4
CPH2349,1
CPH2357,2
CPH2363,6
CPH2365,1
CPH2371,33
CPH2375,14
CPH2381,2
CPH2387,2
CPH2401,1
CPN-W09,4
CRO-L02,2
CRO-L22,2
CRO-L23,2
CRO-L3,2
CRO-U00,2
CRR-L09,2
CRR-UL00,2
CRR-UL20,1
CX-940,2
Camon CX,3
Che2-L11,2
Coolpad Y91-I00,2
Core-M5,1
Core-X4,1
Cosmos V8 Lite,2
Curvy C40i,1
Curvy C50L,2
Cygnus X,1
D101,2
D10i,2
D2-0082,2
D2-2010,2
D385,2
D455,2
D5803,2
D5833,2
D6502,3
D6503,6
D6543,2
D6563,2
D6603,4
D6616,2
D6633,1
D6643,1
D802,2
D826D,2
D826w,2
D828g,2
D838,2
D850,2
D851,1
D852,3
D855,2
D858HK,2
D9,2
DASH X2,2
DE2117,7
DE2118,418
DIAMOND M,2
DIG-AL00,2
DIG-L01,2
DIG-L03,2
DIG-L21,2
DIG-L21HN,2
DIG-L23,2
DIG-TL10,2
DL 1 Plus,1
DL1036,2
DL3,1
DLT-A0,1
DM-01J,2
DN2103,15
DRA-L21,2
DRA-LX2,1
DRA-LX9,3
DT2002C,1
DUA-AL00,1
DUA-L22,6
DUB-AL00,1
DUB-AL20,2
DUB-LX1,34
DUB-LX2,5
DUB-LX3,3
DUK-AL20,1
Dash L2,2
Dash L3,1
Dash M2,2
Dash XL,2
Dazen X7,2
Desire,3
Desire 10 Compact,2
Desire 10 Lifestyle,2
Desire 10 Pro,2
Desire 12,1
Desire 530,3
Desire 626,2
Desire 626s,3
Desire 630 dual sim,2
Desire 650,2
Desire 650 dual sim,2
Desire 816,2
Desire 820,2
Desire 825,2
Desire 826,2
Desire 828,2
Desire 830,3
Diamond Pro,2
Dinosaur,2
Dive 71,1
Dive 72,2
E1,2
E1001,2
E1003,4
E1005,2
E12,1
E2,2
E2303,2
E2306,2
E2312,2
E2333,1
E2353,2
E2363,3
E481,2
E4820,2
E484,2
E485,2
E5,2
E500,2
E502,2
E503,2
E5303,3
E5306,2
E5333,2
E5353,1
E5363,2
E5506,2
E5533,3
E5553,2
E5563,3
E5603,2
E5606,2
E5633,2
E5663,2
E570,2
E580,2
E5823,2
E6533,2
E6553,3
E6603,2
E6633,3
E6653,3
E6683,2
E6790,2
E6810,1
E6820,2
E6830,2
E6833,3
E6853,2
E6883,2
E6910,19
E6920,2
E7110,2
E76,3
E8,3
E9w,2
E9x,1
EA1002,25
EA211001,11
EA211002,53
EA211005,13
EB2103,13
EC1002,51
EC211001,124
EC211002,90
EC211003,21
EC211004,2
EKO 4.0,2
ELA-AL00,5
ELE-L04,5
ELE-L09,41
ELE-L29,17
ELEMENT Q,2
ELITE T8,2
ELS-AN00,4
ELS-N04,1
ELS-N39,2
ELS-NX9,4
ELUGA I3 Mega,2
ELUGA I8,1
ELUGA Ray,2
ELUGA Ray Max,2
ELUGA Ray X,2
EML-AL00,2
EML-L09,69
EML-L29,13
ENERGY DIAMOND,2
EVA-AL00,2
EVA-AL10,2
EVA-L09,5
EVA-L19,4
EVA-L29,2
EVA-TL00,2
EVR-L29,212
EVR-N29,4
Echo,2
Edge,9
Edge (2022),3
Edge 20,5
Edge 20 pro,7
Edge 5G UW,143
Edge Plus,11
Edge Plus 5G UW (2022),6
Ektra,2
Elife S7,2
Elite 1 4G,2
Elite 5.0M,2
Elite A65,2
Elite C55,4
Elite E55,3
Elite F55,2
Elite H55,4
Elite J55,5
Elite Octa,6
Elite OctaPlus,2
Elite OctaX,2
Elite P55,2
Elite Star,1
Eluga Note,2
Energy X Plus 2,2
Era 2,2
Era 2X 3GB,1
EverGlory Plus,2
EverStar Nano,1
EverStar Pro,2
EverStar Q40,2
EverStar S,2
F-01F,2
F-01H,2
F-01K,1
F-01L,1
F-02H,2
F-03H,2
F-04G,1
F1,5
F100L,3
F103,2
F103 Pro,2
F104Bv2 PRO,2
F106,2
F120K,2
F2,3
F20,2
F240L,2
F3,2
F30,2
F31,2
F310L,3
F3111,5
F3112,2
F3113,1
F3115,2
F320L,2
F3211,4
F3212,2
F3213,2
F3215,2
F3216,2
F3311,4
F3313,2
F350L,2
F400S,2
F460L,2
F5,2
F5002,2
F510L,2
F5121,7
F5122,2
F5321,2
F5502,2
F6,3
F6002,2
F600L,1
F670S,2
F700K,1
F700S,2
F720L,2
F740L,2
F750K,2
F800S,1
F8131,3
F8132,3
F820L,3
F8331,5
F8332,3
FIG-LA1,2
FIG-LX1,19
FIG-LX2,1
FIG-LX3,2
FL02,2
FLA-AL10,1
FLA-LX1,1
FLA-LX2,2
FLA-LX3,1
FNE-AN00,113
FP3,2
FP4,1
FRD-DL00,2
FRD-L04,2
FRD-L09,4
FRL-L23,1
FS505,2
FS8001,2
FS8002,2
FUN 5,1
FUN VALUE,2
Fever,2
Fire HD 10 Plus,5
Firefox for Android,3
Fly3,2
Fly_V551,2
Fog,2
Fonepad 7,2
Freddy,2
G,2
G1,2
G10,29
G11,14
G2,3
G20,16
G21,7
G301,1
G310,1
G3112,1
G3121,4
G3212,3
G3221,10
G3223,2
G3226,1
G3311,7
G3313,2
G3412,2
G3423,2
G40C,5
G5,3
G50,16
G50 Mega,4
G50 Plus,5
G501,1
G51 Plus,3
G55,2
G6,2
G60,6
G61,3
G7-L11,2
G700,1
G71,1
G720T,2
G730-T00,2
G750-T20,1
G8,13
G8 Power,9
G80,1
G8141,8
G8142,2
G8232,2
G8341,9
G8342,1
G8441,4
G9,2
G9 PRO,2
G90,2
G90 PRO,2
G91,3
G91 Max,2
G91 Pro,2
G91S,3
GEM-702L,1
GEN LITE,1
GI-626,1
GM 5 Plus,2
GM 5 Plus d,3
GM 9 Pro,1
GM 9 Pro d,1
GM1900,3
GM1901,2
GM1903,3
GM1910,3
GM1911,1
GM1913,6
GM1915,18
GM1917,13
GM1920,7
GM1925,1
GN2200,93
GN5001S,2
GN5005,2
GN8001,2
GN8002,3
GN8002S,2
GN8003,3
GN9000L,2
GN9006,2
GN9011,2
GN9012,2
GO452,2
GO503,2
GO504,2
GPad G3,2
GRA-L09,3
GRA-UL10,2
GRACE,2
GRAND 5.5 HD,2
GS290,2
GS55-6,2
GS80,2
GT-I8552,2
GT-I9070,2
GT-I9295,2
GT-I9300,2
GT-I9500,2
GT-I9502,3
GT-I9505,5
GT-I9506,2
GT-I9507,2
GT-I9508V,2
GT-I9515,3
GT-P1000,4
GT-i9508,2
GT20,1
Galaxy J7 SM-J710FN,2
Go,2
Gpad G5,1
Grand,2
Grand Energy,2
Grand X Max+,2
Gravity 6P,3
Gravity X55L,2
Griffe T9,2
H1,2
H1611,2
H1A1000,1
H3113,7
H3123,2
H3213,1
H324,2
H3311,2
H3321,1
H340n,3
H343,1
H422,2
H4233,1
H440n,2
H443,1
H500,2
H502,2
H525,2
H525n,2
H540,2
H542,2
H60-L01,2
H60-L04,2
H630D,1
H631,2
H634,2
H635,2
H650,2
H700,3
H735,2
H736,1
H740,3
H8,1
H810,4
H811,2
H812,2
H815,3
H8166,1
H818,3
H820,2
H8216,9
H8266,1
H830,2
H831,2
H8314,2
H8324,1
H840,1
H8416,5
H850,4
H870,4
H870DS,1
H871,2
H872,7
H873,2
H9,2
H900,2
H918,6
H930,3
H931,4
H932,6
H955,2
H960,2
HAMMER ENERGY,2
HD1900,6
HD1901,3
HD1903,8
HD1905,5
HD1907,15
HD1913,9
HD1925,6
HDT-7427G,2
HERO 3,2
HERO1,2
HLK-AL00,1
HM-G552-FL,2
HM-N700-FL,2
HMA-AL00,1
HMA-L09,2
HMA-L29,3
HOMTOM HT16,2
HPP-GS1,12
HPP-L55B,34
HRY-AL00A,1
HRY-LX1,24
HRY-LX1MEB,2
HRY-LX1T,28
HT20,2
HT37,2
HTC6435LVW,2
HTCD160LVWPP,2
HTCD200LVWPP,2
HTL22,2
HWI-AL00,1
Halo X,2
Hard Rock,1
Hero 7,2
HiPad X,1
Hit,3
Hollogram HL6575,2
Hot 4 Pro,2
I001DC,2
I001DE,1
I003D,2
I004D,2
I005DA,2
I2011,2
I3113,7
I3312,18
I4113,1
I4312,2
I7D,2
I908,2
IM-100S,2
IM-A860K,2
IM-A880S,3
IM-A890L,2
IM-A890S,2
IM-A900K,2
IM-A900S,2
IM-A910K,2
IM-A910s,2
IN2010,2
IN2011,1
IN2013,5
IN2015,4
IN2017,20
IN2019,9
IN2020,60
IN2021,1
IN2023,6
IN2025,2
INE-AL00,2
INE-LX1,3
INE-LX1r,2
INE-LX2,2
IQ Z,3
IRO A4Q,1
IRO A5 Q,1
IRO A5QL,2
IV2201,4
Ilium L610,2
Ilium L910,2
Ilium LT510,2
Ilium X220,1
Ilium X260,2
Ilium X510,2
Ilium X710,2
Infinity 8s,2
Infinity E30,2
Infinity H12,1
Infinity H50 Lite,1
Infinix S2,2
Infinix X6816,2
Infinix X6816C,1
Iris,2
Iris 41,2
Iris 88,1
Iris X8,3
J3173,1
J5,2
J701F,4
J701M,1
J8110,12
J8170,1
J8210,9
J9110,1
J9210,1
J9L,10
JAD-LX9,1
JAT-L29,2
JAT-L41,27
JAT-LX1,1
JAT-LX3,1
JAZZ,2
JDN2-W09,1
JDN2-W09HN,1
JEF-AN00,6
JERRY,2
JERRY MAX,2
JKM-Al00B,1
JKM-LX1,4
JKM-LX2,1
JKM-LX3,2
JKM-TL00,1
JMM-AL00,2
JMM-L22,2
JNY-LX1,9
JNY-LX2,1
JSN-AL00A,1
JSN-AL00a,4
JSN-L21,12
JSN-L22,6
JSN-L23,2
JSN-L42,1
Jazz,1
Jelly2,2
Joy,1
Joy 1,1
K-200,14
K-KOOL,1
K10,2
K10 (2018),1
K100,2
K105,1
K10a40,2
K10e70,2
K118,4
K12 Note,1
K15 Plus,3
K210,2
K3,2
K32c36,2
K33 a48,3
K330,3
K33a42,4
K33b36,3
K350,2
K371,4
K373,2
K4000 Plus,2
K420,2
K425,2
K450,2
K50-t3s,2
K50-t5,2
K500,3
K500n,2
K50a40,2
K51C78,3
K520,2
K530,3
K535,2
K53a48,3
K53b36,3
K540,2
K557,1
K580,2
K6000 Plus,2
K7,2
K7 Pro,2
K8 Note,2
K80M,2
K87CA,3
K87CC,3
K88,4
K9,3
K910L,2
K92,1
KA7,2
KA7O,2
KAAN N1,2
KAZ-N20,4
KB2001,2
KB2003,6
KB2005,6
KB2007,21
KB2J,1
KB501KL,1
KB7,2
KB7j,2
KB8,2
KC2,1
KC3,1
KC6,3
KC8,15
KD6,4
KD6a,2
KD7,12
KD7h,4
KE5,11
KE5j,1
KE5k,3
KE7,1
KF6i,2
KF6m,1
KF6n,1
KF6p,2
KF7j,19
KF8,1
KFAUWI,1
KFKAWI,6
KFMAWI,36
KFMUWI,6
KFONWI,22
KFTRWI,8
KG5j,6
KG5k,5
KG5p,3
KG6,6
KG7,1
KG7h,6
KG7n,1
KH6,5
KII-L05,2
KII-L21,3
KINGKONG 7,2
KIW-AL10,2
KIW-L21,3
KIW-L22,2
KIW-L24,1
KIW-TL00,3
KIW-TL00H,3
KNT-AL10,2
KOB-L09,2
KOB-W09,2
KSA-LX9,16
KSFUWI,1
KYL22,2
KYV38,2
Kylin 5.0,1
L-EMENT 403,2
L1-A,2
L10,2
L158VL,2
L18021,1
L19041,1
L19111,1
L22,2
L322DL,37
L36h,2
L38041,1
L38111,1
L39C/V100,3
L39h,2
L39t,2
L39u,2
L423DL,3
L43AL,1
L50,1
L5002P,1
L5006C,1
L501,1
L50t,2
L52,2
L54,2
L55t,2
L57BL,2
L590A,2
L6002P,1
L6006,1
L6501,1
L6502,2
L675,2
L722DL,42
L79031,4
L8 Lite,2
L84VL,3
L860,2
LA7,3
LAI Zumbo S,2
LAI_Zumbo_J_2017,1
LB6,2
LB7,3
LB8,4
LB8a,4
LC6,3
LC7,4
LC8,3
LD7,6
LDN-L01,4
LDN-L21,3
LDN-LX2,2
LDN-LX3,1
LE2100,2
LE2101,1
LE2111,3
LE2113,2
LE2115,9
LE2117,34
LE2121,3
LE2123,8
LE2125,4
LE2127,7
LE6,5
LE7,3
LE7n,1
LENNY3,2
LENNY3 MAX,2
LEX626,2
LEX720,1
LEX727,2
LG-F490L,2
LG-F600L,1
LG-F650K,2
LG-H850,1
LG-K220,2
LG-K240,2
LG-K600,2
LG-LS997,1
LG-LS998,3
LG-M150,5
LG-M151,2
LG-M160,2
LG-M200,4
LG-M250,3
LG-M322,1
LG-M700,1
LG-M703,1
LG-US996,1
LGE-NX9,2
LGL164VL,1
LGL355DL,25
LGL455DL,26
LGL555DL,14
LGL82VL,2
LGLS450,2
LGLS676,2
LGLS755,4
LGLS775,3
LGLS992,2
LGM-G600L,2
LGM-M700,1
LGM-V300K,1
LGMS428,4
LGMS550,1
LGUS375,1
LGUS610,2
LIO-AL00,1
LIO-AN00,2
LIO-AN00m,2
LIO-L29,2
LK460,2
LLD-AL00,1
LLD-AL10,1
LLD-AL20,1
LLD-L21,2
LLD-L31,9
LM-F100,10
LM-F100N,1
LM-G710,17
LM-G710N,2
LM-G710VM,22
LM-G810,3
LM-G820,3
LM-G820V,42
LM-G850,7
LM-G900,53
LM-G900TM,17
LM-G910,1
LM-K300,46
LM-K400,7
LM-K410,2
LM-K420,5
LM-K500,111
LM-K510,3
LM-K520,3
LM-K525,4
LM-K920,42
LM-Q610.FGN,1
LM-Q620,5
LM-Q630,4
LM-Q710(FGN),2
LM-Q710.FG,6
LM-Q710.FGN,2
LM-Q720,73
LM-Q730,267
LM-T600,12
LM-V350,9
LM-V405,22
LM-V409N,1
LM-V450,8
LM-V500N,4
LM-V600,43
LM-X120,2
LM-X210,2
LM-X210(G),3
LM-X210APM,11
LM-X210CM,6
LM-X210CMR,4
LM-X210VPP,5
LM-X220,5
LM-X220PM,2
LM-X320,15
LM-X410UM,2
LM-X420,20
LM-X430,3
LM-X525,2
LM-X540,2
LM211BL,4
LML212VL,11
LML413DL,3
LML414DL,4
LML713DL,7
LND-L29,2
LON-AL00,2
LS-4505,2
LS-5002,2
LS-5016,1
LS-5017,2
LS-5201,2
LS-5501,2
LS-5504,2
LS-5505,3
LS-5506,2
LS-5507,2
LS675,2
LS740,2
LS770,1
LS777,1
LS991,2
LS993,4
LS996,2
LT S5,2
LT700 PRO,2
LUNA PRO,2
LYA-AL00,2
LYA-L09,52
LYA-L29,15
LYO-L01,2
Le X509,2
Le X520,3
Le X522,2
Le X526,3
Le X527,3
Le X528,3
Le X620,2
Le X820,2
Le X821,2
Leader L3,1
Leon Z5515,2
Life Max,2
Life One X2,3
Life One X2 Mini,2
London,2
M-PPxX555U,2
M-SP7HXAH,2
M1,3
M1 E,2
M1 Note,3
M1 Y13,2
M10,2
M15,2
M153,2
M154,2
M1908C3JGG,4
M2 E,2
M2 Note,2
M2-801L,2
M2-801W,2
M2-802L,2
M20,2
M2002J9E,3
M2002J9G,4
M2003J15SC,70
M2004J19C,26
M2004J19PI,1
M2004J7AC,1
M2006C3LC,1
M2006C3LG,24
M2006C3LI,2
M2006C3LII,1
M2006C3LVG,18
M2006C3MG,6
M2006C3MI,1
M2006C3MII,4
M2006C3MNG,13
M2006J10C,4
M2007J17C,40
M2007J17G,13
M2007J17I,2
M2007J1SC,3
M2007J20CG,29
M2007J22C,3
M2007J22G,8
M2007J3SC,2
M2007J3SG,16
M2007J3SI,1
M2007J3SY,5
M2010J19CG,9
M2010J19SG,7
M2010J19SI,1
M2010J19SL,4
M2010J19SY,7
M2011K2C,4
M2011K2G,9
M2012K11AC,6
M2012K11AG,16
M2012K11C,35
M2012K11G,2
M2101K6G,68
M2101K6I,5
M2101K6P,4
M2101K6R,2
M2101K7AG,9
M2101K7AI,4
M2101K7BG,6
M2101K7BI,1
M2101K7BNI,1
M2101K7BNY,22
M2101K9AG,9
M2101K9C,1
M2101K9G,20
M2102J20SG,60
M2102J20SI,1
M2102K1AC,1
M2102K1C,83
M2102K1G,3
M2103K19C,7
M2103K19G,55
M2103K19PG,8
M2103K19Y,1
M2104K10AC,9
M257,1
M2M,3
M3,1
M3 Max,2
M327,3
M351,2
M353,2
M370,3
M370i,1
M3E,2
M3X,3
M4,2
M40,2
M40(N9H3),1
M430,8
M460,2
M463C,3
M470F,1
M5,4
M5 EDGE,1
M5 Note,4
M5 Plus,2
M5 Plus Lte,2
M5 mini,2
M560,2
M571C,2
M57AC,2
M5S,2
M5c,2
M6,3
M6 Note,2
M621C,2
M680,2
M6s,2
M7,3
M7 Power,2
M7_3G_A10,1
M8,4
M8 Pro,2
M810t,2
M812i,1
M823,2
M8L 2022,5
M8L PLUS,8
M8S,2
M8Sd,2
M8Sw,2
M8e,3
M8x,2
M9,2
M910X,2
M9e,2
MAR-AL00,1
MAR-LX1A,167
MAR-LX1B,93
MAR-LX1H,2
MAR-LX1M,7
MAR-LX2,2
MAR-LX3A,4
MAR-LX3Bm,1
MAX 10,3
MAX 2,1
MAX 3,8
MED-LX9,1
MED-LX9N,4
MH-T6000,21
MHA-AL00,2
MHA-L09,1
MHA-L29,3
MI 2A,2
MI 3,2
MI 3C,2
MI 4 LTE,1
MI 4C,2
MI 4LTE,3
MI 4S,2
MI 4W,2
MI 5s,3
MI 5s Plus,3
MI 6,3
MI 6X,1
MI 8,5
MI 8 Lite,3
MI 8 Pro,1
MI 9,10
MI 9 SE,6
MI 9 Transparent Edition,1
MI CC 9 Meitu Edition,1
MI MAX 2,3
MI MAX 3,4
MI NOTE,3
MI PAD 4,1
MI PLAY,2
MI-3W,3
MIX 2,1
MIX 3,1
MIX2,2
MLA-AL10,2
MLA-L01,2
MLA-L03,2
MLA-L11,2
MLA-L12,2
MLA-L13,2
MLA-TL00,2
MO-01J,2
MOS1max,2
MP01,3
MP1503,2
MP1512,2
MP1602,2
MP260,12
MP450,5
MRD-AL00,1
MRD-LX1,81
MRD-LX1F,3
MRD-LX1N,1
MRD-LX2,2
MRD-LX3,1
MS210,3
MS330,1
MS40S,2
MS45S A6,2
MS50G,1
MS50L,1
MS550,2
MS631,3
MT-T8B22,3
MT7-CL00,3
MT7-L09,2
MT7-L10,3
MTS-T0,2
MUV,2
MUV PRO,2
MX5,2
MX6,1
MYA-AL10,2
MYA-L02,2
MYA-L03,2
MYA-L11,2
MYA-L13,2
MYA-L22,2
MYA-L23,2
MYA-L41,2
MYA-U29,2
Majesty 4G,1
Manito,2
Mars One H1,2
Max,2
Maya,2
Maya Max,2
Mi 10,80
Mi 10 Pro,1
Mi 4i,2
Mi 5,5
Mi 5C,2
Mi 5X,1
Mi 9 Lite,3
Mi 9 Pro 5G,1
Mi 9T,8
Mi 9T Pro,5
Mi A1,1
Mi A2,2
Mi A2 Lite,6
Mi A3,2
Mi MIX 2,1
Mi MIX 2S,1
Mi MIX 3,2
Mi MIX 3 5G,2
Mi Max,4
Mi Note 10,3
Mi Note 10 Lite,6
Mi Note 10 Pro,3
Mi Note 2,2
Mi Note 3,1
Mi-4c,2
Moon,2
Moto C,1
Moto E (4) Plus,2
Moto E(4),11
Moto E30,49
Moto E32,1
Moto E40,1
Moto E5 go,4
Moto E6,34
Moto E6 Play,12
Moto E6 Plus,23
Moto E6S,9
Moto E6i,1
Moto E7i Power,58
Moto G (4),7
Moto G (5) Plus,12
Moto G (5S),3
Moto G (5S) Plus,3
Moto G 5G,1
Moto G 5G (2022),178
Moto G Fast,38
Moto G Play,5
Moto G Power,63
Moto G Power (2021),456
Moto G Power (2022),438
Moto G Pro,2
Moto G Stylus,308
Moto G Stylus (2022),102
Moto G Stylus 5G,793
Moto G Stylus 5G (2022),134
Moto G20,4
Moto G200 5G,3
Moto G22,18
Moto G31(w),14
Moto G5,7
Moto G50,47
Moto G6 Forge,2
Moto G6 Play,12
Moto G6 Plus,2
Moto G7 Optimo (XT1952DL),1
Moto G7 Optimo Maxx(XT1955DL),4
Moto G7 Play,39
Moto G7 Plus,11
Moto G7 Power,58
Moto G7 Supra,22
Moto G8 Play,1
Moto G82 5G,2
Moto G9 Play,50
Moto One Macro,4
Moto X4,3
Moto Z2,10
Moto Z2 Play,1
Moto Z3,16
Moto Z3 Play,3
Moto Z4,48
Moto e (XT2052DL),83
Moto e20,24
Moto e5 plus,5
Moto g(7),8
Moto g(8) power lite,60
Moto g(9),2
Moto g41,2
MotoG3,3
MotoG3-TE,2
Mx6,1
N1,3
N10,1
N10-EEA,1
N1374DL,27
N152DL,32
N1T,2
N1W,2
N2,2
N20 Pro,1
N30,2
N40 Pro,2
N503,2
N5207,2
N5502L,9
N551 Go Action,2
N5702L,1
N6,2
N9,2
N9131,2
N9136,2
N939Sc,3
N9517,1
N9519,2
N9560,4
N9S,1
NAM-LX9,2
NCE-AL00,2
NCE-AL10,2
NE2210,2
NE2213,3
NE2215,2
NE2217,4
NEM-AL10,2
NEM-L22,2
NEM-L51,2
NEM-TL00,2
NEM-UL10,3
NEX A,1
NEX S,1
NMO-L23,2
NMO-L31,2
NOH-AN00,3
NOP-AN00,1
NOTE 20,3
NOTE 20 PRO,1
NOTE 7,3
NTH-AN00,1
NTH-NX9,10
NTN-L22,1
NTN-LX1,6
NX16A11264,2
NX503A,2
NX505J,3
NX507J,2
NX508J,2
NX510J,2
NX511J,2
NX512J,2
NX513J,2
NX523J_V1,3
NX531J,3
NX541J,2
NX549J,3
NX551J,2
NX569H,2
NX569J,2
NX573J,2
NX575J,2
NX612J,1
NX666J,1
NX669J,3
NXA8LTE116,2
NXT-AL10,2
NXT-DL00,1
NXT-L09,2
NXT-L29,3
Neffos C9A,1
Neffos Y5,1
Neffos Y50,2
Neva 80,3
Next,2
Nexus 5,7
Nexus 5X,6
Nexus 6P,2
Nexus 7,4
Nitro 55C,7
Nitro 5M,2
Nitro 5P,1
Nitro 8,5
Note 10,16
Note 11P,3
Note 12P,4
Note 13P,1
Note 3,2
Note 6,4
Note 6P,3
Note 7P,2
Note 8,4
Note 8P,3
Note 9P,12
Note S,2
Notepad 102,1
OD105,2
ONA19TB003,2
ONE A2001,3
ONE A2003,5
One,3
One 5G,17
One 5G UW,58
One 5G UW Ace,65
One 801e,1
One A2005,2
One A9s,2
One Action,10
One Fusion,5
One Fusion+,1
One Hyper,5
One M7,2
One M8St,2
One M8d,2
One M8s,2
One M8t,2
One Max,3
One S9,2
One Touch Idol 4 6055K,2
One Vision,2
One X9,2
One Zoom,1
One dual Sim,2
P01M,1
P01T_1,2
P01W,2
P024,2
P1,2
P10,4
P11,4
P12,2
P1a41,2
P1a42,3
P1c58,3
P1c72,3
P20,2
P20HD EEA,4
P2a42,5
P30,2
P32,4
P50,2
P500,2
P5006A,2
P5046A,2
P550S,2
P600,4
P651W,3
P7,2
P7 Max,2
P7-L09,2
P7-L10,2
P7000,2
P703,1
P8,1
P8 Energy Mini,2
P802,2
P85,2
P8W,2
P8max,2
P9,3
P9000,2
PAAT00,1
PACT00,1
PAHM00,1
PAM524,1
PAR-AL00,1
PAR-LX1,1
PAR-LX1M,1
PAR-LX9,1
PAR-TL00,1
PB1-750M,2
PB1-770M,2
PB2-650M,2
PB2-650Y,2
PB2-670M,2
PB2-670Y,2
PB2-690Y,2
PBAM00,1
PBBM00,1
PBBT00,1
PBCM30,1
PBCT10,1
PCAM00,1
PCAM10,1
PCDM10,1
PCHM10,1
PCHM30,1
PCKM00,4
PCLM10,1
PCLM50,1
PCT-AL10,4
PCT-L29,8
PDBM00,1
PDCM00,1
PDEM30,1
PDRM00,1
PE-CL00,2
PE-TL10,2
PEAT00,1
PEDM00,1
PEMM00,1
PEPM00,2
PEXM00,1
PEYM00,2
PFGM00,1
PFJM10,2
PGBM10,2
PGN518,2
PGN522,2
PGN523,2
PGN527,2
PGN528,2
PGN605,2
PGN610,2
PGN611,3
PGN613,1
PH-1,2
PHQ526,2
PLAY LiTE,2
PLK,2
PLK-AL10,2
PLK-L01,3
PLK-TL01H,3
PLK-UL00,1
POCO F1,3
POCO F2 Pro,5
POCO X2,4
POT-LX1,99
POT-LX1A,25
POT-LX1AF,2
POT-LX1T,5
POT-LX3,1
PPA-LX2,8
PR651,1
PR651E,3
PR651H,3
PR652B,3
PRA-AL00X,2
PRA-LA1,3
PRA-LX1,4
PRA-LX3,1
PRO 5,2
PRO 6,2
PRO 6 Plus,1
PRO 7 Plus,1
PSP3510DUO,2
PSP7511DUO,1
PVG100,2
Phantom6,2
Phantom6 Plus,3
Phantom6S,1
Phone,3
Phone 2,4
PhonePad 3,2
PhoneT2,2
Pixel,7
Pixel 2,47
Pixel 2 XL,74
Pixel 3,63
Pixel 3 XL,69
Pixel 3a,70
Pixel 3a XL,28
Pixel 4,76
Pixel 4 XL,38
Pixel 4a,206
Pixel 4a (5G),51
Pixel 5,56
Pixel 5a,32
Pixel 6,297
Pixel 6 Pro,133
Pixel 6a,160
Pixel 7,7
Pixel 7 Pro,5
Pixel XL,13
Platinum 4.0,2
Platinum F5,1
Plume L1,1
Plume L6 Pro,2
Pluto,2
Point X501,2
Power,2
Power 3,1
Power 6,1
Power Armor 13,3
Power P1,2
Power Rage Evo,2
Prime 4,1
Prime X1,2
Primo RX7 Mini,1
Pro 6s,2
Q10,1
Q1000s Plus,2
Q2 Plus,2
Q350,2
Q351,2
Q397,2
Q4 Pro,3
Q402,2
Q402 Ultra,1
Q409,2
Q4101,2
Q4202,2
Q4251,2
Q427,2
Q501,1
Q6,3
Q710.FGN,3
Q710AL,16
Q710PL,2
QS5509A,5
QTASUN1,3
QTAXIA1,3
Quest,3
R1,2
R1 HD,2
R100,2
R11,2
R11 Plus,2
R11 Plusk,1
R11t,1
R1s,2
R45,1
R50A,2
R50B,2
R678L5,2
R7,2
R7Plus,2
R7Plusf,2
R7c,2
R7g,2
R7s,2
R7sPlus,2
R7sf,2
R7sm,3
R8106,2
R8107,2
R829,2
R8L5T,2
R9 Plus Dual SIM TD-LTE,3
R9 Plustm A,3
R9m,2
R9s,3
R9s Plus,3
R9sk,3
R9st,2
R9tm,2
RA6,1
RAIN A3000,1
RC545L,45
RC555L,3
RCT6303W87M7,2
RCT6378W2,2
RCT6513W87DK5e,2
RCT6613W23P,1
RCT6613W23PU,1
RCT6973W43MD,1
RCT6A03W13,1
RCT6B06P23,2
REVVL 2 PLUS,2
REVVL V+ 5G,320
REVVLPLUS C3701A,3
REVVLRY,19
REVVLRY+,7
RIO-AL00,5
RIO-CL00,3
RIO-L01,6
RIO-L02,3
RIO-L03,2
RIO-TL00,3
RIO-UL00,4
RK312x,2
RMX1801,1
RMX1809,1
RMX1811,3
RMX1825,1
RMX1831,2
RMX1833,1
RMX1851,1
RMX1901,2
RMX1911,4
RMX1921,2
RMX1925,2
RMX1931,3
RMX1941,1
RMX1971,6
RMX1991,4
RMX2001,7
RMX2002,1
RMX2020,3
RMX2021,1
RMX2027,1
RMX2030,1
RMX2040,5
RMX2061,1
RMX2063,4
RMX2075,1
RMX2085,1
RMX2086,2
RMX2101,1
RMX2103,1
RMX2111,2
RMX2117,1
RMX2144,5
RMX2151,2
RMX2155,3
RMX2170,6
RMX2173,1
RMX2180,2
RMX2185,1
RMX2189,2
RMX2193,2
RMX2195,5
RMX3031,2
RMX3081,4
RMX3085,4
RMX3092,2
RMX3142,1
RMX3151,5
RMX3171,1
RMX3195,6
RMX3201,6
RMX3231,6
RMX3235,1
RMX3241,11
RMX3242,1
RMX3261,1
RMX3263,1
RMX3268,1
RMX3269,4
RMX3286,2
RMX3311,1
RMX3357,1
RMX3363,7
RMX3366,2
RMX3370,2
RMX3381,2
RMX3392,2
RMX3393,2
RMX3430,1
RMX3472,1
RMX3491,1
RMX3501,1
RMX3511,2
RMX3521,1
RNE-L01,1
RNE-L21,10
RNE-L22,1
ROBBY,2
RP01,3
RS500,2
RS501,1
RS988,2
RVL-AL09,1
Rainbow,2
Razr 2019,5
Redmi 3S,3
Redmi 3X,2
Redmi 4,3
Redmi 4A,3
Redmi 4X,4
Redmi 5,1
Redmi 5 Plus,4
Redmi 5A,1
Redmi 6,4
Redmi 6 Pro,1
Redmi 6A,4
Redmi 7,3
Redmi 7A,3
Redmi 8,11
Redmi 8A,4
Redmi 8A Dual,2
Redmi K20 Pro,2
Redmi K20 Pro Premium Edition,2
Redmi K30,1
Redmi K30 5G,2
Redmi K30 Pro,7
Redmi K30i 5G,79
Redmi Note 2,2
Redmi Note 3,4
Redmi Note 4,8
Redmi Note 4X,3
Redmi Note 5,7
Redmi Note 5 Pro,4
Redmi Note 5A,1
Redmi Note 5A Prime,2
Redmi Note 6 Pro,3
Redmi Note 7,18
Redmi Note 7 Pro,3
Redmi Note 7S,1
Redmi Note 8,16
Redmi Note 8 Pro,41
Redmi Note 8T,16
Redmi Note 9 Pro,32
Redmi Note 9 Pro Max,2
Redmi Note 9S,18
Redmi Pro,2
Redmi S2,1
Redmi Y1,1
Redmi Y1 Lite,1
Redmi Y2,1
Redmi Y3,2
Rise 51,2
Rise31,2
Rise32,2
Rocket,2
Royale X1,2
Ryu,1
S0-04G,2
S1,6
S1 PRO,2
S10,7
S10 Lite,7
S10B,4
S10CL,2
S10L,2
S11,6
S11 Lite,4
S11 Plus,2
S12,3
S12 Lite,3
S1La40,2
S1a40,2
S2,3
S20,2
S20_EEA,1
S21,1
S3,2
S30,1
S31,3
S35,2
S40,1
S40 Pro,2
S41,2
S42,5
S430,2
S440,2
S45,2
S471,2
S48c,2
S4Z,2
S5 Pro,2
S502,2
S5027,1
S5028,2
S50D,2
S52,2
S520,2
S520 M,2
S55,3
S5502L,3
S58 Pro,3
S59,1
S59 Pro,4
S5E_NXT,2
S6,5
S6 PLUS,2
S6 Pro,2
S60,2
S6001L,1
S6003L,8
S61,4
S616,1
S62,4
S62 Pro,1
S6303L,2
S6s,2
S7,2
S7C,2
S8,4
S8-50L,2
S810,2
S86,1
S86 Pro,1
S88 Plus,2
S88Pro,1
S9,5
S95Pro,1
S96 Pro,1
S960,3
S968T,2
S97Pro,1
S99,1
SBM303SH,2
SC-02F,2
SC-02G,2
SC-02H,4
SC-03J,2
SC-04E,2
SC-04F,3
SCG02,2
SCH i545,5
SCH-I959,2
SCH-R970,2
SCL-L01,2
SCM-W09,1
SCV32,2
SCV33,2
SCV36,2
SCV38,3
SCV41,3
SF1,2
SGH-I337,5
SGH-I337M,4
SGH-I537,2
SGH-I777,2
SGH-M919,2
SGH-M919N,2
SGH-N075T,1
SGP521,2
SH-01G,2
SH-01K,1
SH-01L,1
SH-02H,2
SH-03G,2
SH-O2G,2
SHARK KLE-A0,1
SHARK KLE-H0,1
SHARK KSR-H0,1
SHARK PRS-A0,1
SHARK PRS-H0,1
SHT-AL09,1
SHT-W09,1
SHV-E300K,2
SHV-E300L,2
SHV-E300S,2
SHV-E330K,2
SHV-E330L,2
SHV-E330S,2
SHV-E470S,2
SHV38,2
SKW-A0,1
SKW-H0,1
SL5200,2
SL555,2
SLA-L02,1
SLA-L22,3
SLTDVD1024,1
SM-A013F,1
SM-A013G,12
SM-A013M,2
SM-A015A,6
SM-A015AZ,6
SM-A015F,6
SM-A015M,6
SM-A015T1,10
SM-A015U,3
SM-A015U1,2
SM-A015V,6
SM-A022F,14
SM-A022G,2
SM-A022M,6
SM-A025A,21
SM-A025AZ,40
SM-A025F,68
SM-A025G,16
SM-A025M,7
SM-A025U,126
SM-A025U1,43
SM-A025V,63
SM-A032F,31
SM-A032M,5
SM-A035F,16
SM-A035G,52
SM-A035M,3
SM-A037F,43
SM-A037G,72
SM-A037M,2
SM-A037U,573
SM-A037U1,15
SM-A037W,5
SM-A102U,152
SM-A102U1,10
SM-A102W,2
SM-A105F,94
SM-A105FN,22
SM-A105G,6
SM-A105M,5
SM-A107F,47
SM-A107M,21
SM-A115A,37
SM-A115AP,13
SM-A115AZ,33
SM-A115F,28
SM-A115M,5
SM-A115U,98
SM-A115U1,5
SM-A115W,3
SM-A125F,637
SM-A125M,11
SM-A125U,649
SM-A125U1,78
SM-A125W,2
SM-A127DL,110
SM-A127F,684
SM-A127M,7
SM-A135F,272
SM-A135M,6
SM-A135U,173
SM-A135U1,14
SM-A136B,9
SM-A136U,975
SM-A136U1,27
SM-A136W,1
SM-A137F,178
SM-A202F,167
SM-A202K,2
SM-A205F,10
SM-A205FN,3
SM-A205G,5
SM-A205GN,1
SM-A205S,1
SM-A205U,92
SM-A205U1,7
SM-A205W,4
SM-A205YN,5
SM-A207F,12
SM-A207M,19
SM-A215DL,71
SM-A215U,134
SM-A215U1,14
SM-A215W,5
SM-A217F,387
SM-A217M,29
SM-A225F,27
SM-A225M,5
SM-A226B,440
SM-A226BR,1
SM-A235F,6
SM-A235M,1
SM-A235N,2
SM-A236B,2
SM-A236U,6
SM-A260F,1
SM-A260G,2
SM-A300FU,6
SM-A300Y,2
SM-A3050,2
SM-A305F,6
SM-A305FN,3
SM-A305G,5
SM-A305GN,1
SM-A305GT,1
SM-A307FN,15
SM-A307G,8
SM-A307GN,4
SM-A307GT,2
SM-A310F,5
SM-A310M,2
SM-A310N0,2
SM-A315F,9
SM-A315G,22
SM-A320F,3
SM-A320FL,8
SM-A320Y,2
SM-A325F,39
SM-A325M,9
SM-A325N,1
SM-A326B,308
SM-A326U,830
SM-A326U1,25
SM-A326W,9
SM-A336B,49
SM-A336E,3
SM-A405FM,1
SM-A405FN,113
SM-A415F,116
SM-A4260,1
SM-A426B,32
SM-A426DL,7
SM-A426U,189
SM-A426U1,21
SM-A500F,2
SM-A500FU,2
SM-A500G,2
SM-A500H,2
SM-A500K,1
SM-A500L,2
SM-A500M,2
SM-A500S,2
SM-A500W,2
SM-A500Y,2
SM-A505F,17
SM-A505FM,1
SM-A505FN,103
SM-A505G,5
SM-A505GN,1
SM-A505GT,1
SM-A505M,3
SM-A505U,51
SM-A505U1,10
SM-A505W,3
SM-A505YN,2
SM-A507FN,6
SM-A5100,3
SM-A5108,2
SM-A510F,5
SM-A510M,2
SM-A510S,1
SM-A510Y,3
SM-A515F,260
SM-A515U,95
SM-A515U1,19
SM-A515W,5
SM-A516B,12
SM-A516U,73
SM-A516U1,2
SM-A516V,38
SM-A520F,44
SM-A520K,2
SM-A520W,1
SM-A525F,32
SM-A525M,6
SM-A5260,6
SM-A526B,83
SM-A526U,196
SM-A526U1,10
SM-A526W,9
SM-A528B,402
SM-A530F,24
SM-A530W,7
SM-A5360,5
SM-A536B,151
SM-A536E,8
SM-A536U,165
SM-A536U1,29
SM-A536V,43
SM-A600A,1
SM-A600AZ,4
SM-A600F,2
SM-A600FN,28
SM-A600G,2
SM-A600GN,1
SM-A600P,3
SM-A600T,1
SM-A600T1,3
SM-A6050,1
SM-A605F,2
SM-A605FN,4
SM-A605G,3
SM-A605GN,1
SM-A6060,2
SM-A7000,3
SM-A7009,3
SM-A700F,3
SM-A700FD,4
SM-A700H,4
SM-A700K,2
SM-A700L,2
SM-A700S,3
SM-A700YD,2
SM-A7050,1
SM-A705F,1
SM-A705FN,127
SM-A705MN,9
SM-A705U,1
SM-A705W,4
SM-A705X,1
SM-A7100,3
SM-A7108,3
SM-A710F,4
SM-A710K,1
SM-A710L,2
SM-A710M,3
SM-A710S,1
SM-A710Y,3
SM-A715F,265
SM-A715W,4
SM-A716B,1
SM-A716U,199
SM-A716U1,16
SM-A716V,39
SM-A720F,9
SM-A725F,12
SM-A725M,3
SM-A730F,3
SM-A736B,7
SM-A750F,5
SM-A750FN,18
SM-A750G,3
SM-A750GN,2
SM-A8000,3
SM-A800F,3
SM-A800I,3
SM-A800IZ,2
SM-A805F,14
SM-A805N,4
SM-A810F,4
SM-A810S,2
SM-A810YZ,2
SM-A9000,3
SM-A908B,18
SM-A908N,3
SM-A9100,4
SM-A910F,4
SM-A920F,29
SM-C5000,3
SM-C5010,2
SM-C5018,1
SM-C7000,4
SM-C7010,4
SM-C7100,1
SM-C710F,1
SM-C9000,4
SM-C9008,2
SM-C900F,4
SM-E225F,2
SM-E5260,2
SM-E625F,2
SM-F127G,5
SM-F415F,2
SM-F700F,4
SM-F700U,3
SM-F700U1,2
SM-F700W,1
SM-F707B,2
SM-F707U,6
SM-F707U1,1
SM-F7110,1
SM-F711B,86
SM-F711N,1
SM-F711U,155
SM-F711U1,16
SM-F721B,5
SM-F721U,34
SM-F721U1,5
SM-F900B,2
SM-F900F,2
SM-F900U,2
SM-F916B,11
SM-F916U,3
SM-F916U1,2
SM-F926B,30
SM-F926U,42
SM-F926U1,8
SM-F936B,1
SM-F936U,3
SM-F936U1,4
SM-G160N,2
SM-G316HU,2
SM-G360V,2
SM-G361H,2
SM-G388F,2
SM-G389F,2
SM-G390F,6
SM-G390W,1
SM-G398FN,1
SM-G525F,3
SM-G530A,2
SM-G530F,2
SM-G530H,1
SM-G530R7,2
SM-G530W,2
SM-G531H,3
SM-G532F,2
SM-G532G,4
SM-G532M,2
SM-G532MT,2
SM-G5500,1
SM-G550FY,3
SM-G550T,2
SM-G550T1,2
SM-G5510,2
SM-G5520,2
SM-G5528,2
SM-G5700,1
SM-G570F,5
SM-G570M,3
SM-G570Y,1
SM-G6000,2
SM-G600F,1
SM-G600FY,2
SM-G600S,2
SM-G6100,4
SM-G610F,8
SM-G610K,1
SM-G610L,2
SM-G610M,4
SM-G610S,2
SM-G610Y,2
SM-G611F,3
SM-G611FF,1
SM-G611M,1
SM-G611MT,1
SM-G615F,4
SM-G715A,2
SM-G715FN,1
SM-G715U,4
SM-G715U1,17
SM-G720N0,2
SM-G770F,63
SM-G770U1,4
SM-G780F,154
SM-G780G,208
SM-G7810,77
SM-G781B,154
SM-G781N,2
SM-G781U,340
SM-G781U1,56
SM-G781V,380
SM-G781W,14
SM-G800F,2
SM-G800H,2
SM-G800M,2
SM-G850Y,1
SM-G870A,3
SM-G870F,1
SM-G870W,1
SM-G890A,6
SM-G891A,8
SM-G892A,30
SM-G892U,7
SM-G9006V,3
SM-G9006W,2
SM-G9008V,3
SM-G900A,8
SM-G900AZ,2
SM-G900F,8
SM-G900FD,3
SM-G900FQ,2
SM-G900H,3
SM-G900I,4
SM-G900K,3
SM-G900L,3
SM-G900M,2
SM-G900MD,2
SM-G900P,3
SM-G900R4,3
SM-G900S,3
SM-G900T,4
SM-G900T1,3
SM-G900T3,1
SM-G900V,13
SM-G900W8,3
SM-G901F,5
SM-G903F,8
SM-G903M,2
SM-G903W,4
SM-G906K,3
SM-G906L,2
SM-G906S,3
SM-G9200,3
SM-G9208,2
SM-G920A,8
SM-G920F,34
SM-G920I,5
SM-G920K,2
SM-G920L,3
SM-G920P,1
SM-G920R4,3
SM-G920S,3
SM-G920T,6
SM-G920T1,3
SM-G920V,11
SM-G920W8,5
SM-G925,2
SM-G9250,2
SM-G925A,3
SM-G925F,12
SM-G925I,4
SM-G925K,3
SM-G925L,2
SM-G925P,3
SM-G925R4,1
SM-G925S,3
SM-G925T,3
SM-G925V,5
SM-G925W8,4
SM-G927,2
SM-G9280,4
SM-G9287,1
SM-G928A,3
SM-G928C,4
SM-G928F,7
SM-G928G,3
SM-G928K,2
SM-G928L,2
SM-G928P,3
SM-G928R4,2
SM-G928S,2
SM-G928T,5
SM-G928V,5
SM-G928W8,4
SM-G9300,4
SM-G9308,3
SM-G930A,11
SM-G930AZ,3
SM-G930F,93
SM-G930L,3
SM-G930P,7
SM-G930R4,6
SM-G930R7,2
SM-G930S,5
SM-G930T,16
SM-G930T1,3
SM-G930U,20
SM-G930V,30
SM-G930VL,4
SM-G930W8,10
SM-G9350,3
SM-G935A,11
SM-G935F,78
SM-G935K,3
SM-G935L,4
SM-G935P,5
SM-G935R4,3
SM-G935S,2
SM-G935T,10
SM-G935U,5
SM-G935V,13
SM-G935W8,5
SM-G9500,5
SM-G950F,300
SM-G950N,3
SM-G950U,169
SM-G950U1,28
SM-G9550,9
SM-G955F,78
SM-G955N,11
SM-G955U,131
SM-G955U1,20
SM-G955W,2
SM-G9600,5
SM-G960F,424
SM-G960N,3
SM-G960U,318
SM-G960U1,124
SM-G960W,17
SM-G9650,3
SM-G965F,167
SM-G965N,8
SM-G965U,220
SM-G965U1,55
SM-G965W,7
SM-G9700,1
SM-G970F,136
SM-G970N,3
SM-G970U,262
SM-G970U1,58
SM-G970W,2
SM-G9730,3
SM-G973F,466
SM-G973N,5
SM-G973U,195
SM-G973U1,57
SM-G973W,15
SM-G9750,4
SM-G975F,299
SM-G975N,1
SM-G975U,314
SM-G975U1,57
SM-G977B,18
SM-G977N,8
SM-G977P,3
SM-G977T,1
SM-G977U,13
SM-G980F,45
SM-G981B,168
SM-G981U,80
SM-G981U1,13
SM-G981V,26
SM-G981W,6
SM-G985F,15
SM-G986B,118
SM-G986U,99
SM-G986U1,17
SM-G986W,3
SM-G9880,2
SM-G988B,55
SM-G988N,11
SM-G988U,65
SM-G988U1,18
SM-G988W,2
SM-G9900,2
SM-G990B,91
SM-G990B2,1
SM-G990E,4
SM-G990U,180
SM-G990U1,12
SM-G990U2,4
SM-G990W,2
SM-G9910,2
SM-G991B,260
SM-G991U,537
SM-G991U1,36
SM-G991W,2
SM-G996B,59
SM-G996U,191
SM-G996U1,21
SM-G996W,3
SM-G9980,2
SM-G998B,131
SM-G998N,2
SM-G998U,340
SM-G998U1,44
SM-G998W,2
SM-J106B,2
SM-J106F,2
SM-J106H,2
SM-J106M,2
SM-J111F,1
SM-J120A,2
SM-J120AZ,2
SM-J120FN,2
SM-J120H,2
SM-J120W,2
SM-J200F,1
SM-J200G,1
SM-J210F,2
SM-J250F,3
SM-J250G,1
SM-J250M,3
SM-J260A,5
SM-J260AZ,7
SM-J260F,3
SM-J260M,3
SM-J260MU,2
SM-J260T1,14
SM-J3110,2
SM-J3119S,1
SM-J320A,2
SM-J320AZ,2
SM-J320F,3
SM-J320FN,13
SM-J320H,1
SM-J320M,2
SM-J320N0,2
SM-J320V,3
SM-J320W8,1
SM-J321AZ,2
SM-J326AZ,1
SM-J327A,4
SM-J327AZ,1
SM-J327P,4
SM-J327R4,3
SM-J327T,2
SM-J327T1,6
SM-J327V,3
SM-J327VPP,4
SM-J3300,1
SM-J3308,1
SM-J330F,3
SM-J330FN,14
SM-J330G,1
SM-J337A,4
SM-J337AZ,4
SM-J337P,6
SM-J337R4,3
SM-J337R7,2
SM-J337T,2
SM-J337U,2
SM-J337V,10
SM-J337VPP,1
SM-J337W,1
SM-J400F,3
SM-J400M,5
SM-J410F,2
SM-J410G,2
SM-J415F,5
SM-J415FN,27
SM-J415G,1
SM-J415GN,1
SM-J5007,1
SM-J500F,3
SM-J500FN,3
SM-J500G,2
SM-J500H,2
SM-J500M,2
SM-J500Y,2
SM-J5108,2
SM-J510F,3
SM-J510FN,11
SM-J510FQ,2
SM-J510GN,3
SM-J510H,3
SM-J510K,2
SM-J510L,2
SM-J510MN,2
SM-J510S,2
SM-J510UN,2
SM-J530F,12
SM-J530FM,1
SM-J530G,2
SM-J530Y,1
SM-J600F,7
SM-J600FN,40
SM-J600G,5
SM-J600GT,4
SM-J600L,2
SM-J610F,3
SM-J610FN,19
SM-J610G,3
SM-J700F,4
SM-J700H,5
SM-J700M,3
SM-J700P,5
SM-J700T,6
SM-J700T1,1
SM-J701M,1
SM-J701MT,1
SM-J7109,3
SM-J710F,6
SM-J710FN,1
SM-J710FQ,3
SM-J710GN,2
SM-J710K,2
SM-J710MN,3
SM-J720F,1
SM-J727AZ,6
SM-J727V,1
SM-J730F,3
SM-J730FM,1
SM-J730G,2
SM-J730GM,2
SM-J737A,8
SM-J737P,15
SM-J737T,15
SM-J737T1,23
SM-J737U,4
SM-J737V,2
SM-J737VPP,4
SM-J810F,4
SM-J810G,3
SM-J810GF,1
SM-J810M,3
SM-J810Y,3
SM-M013F,1
SM-M015G,1
SM-M022F,3
SM-M022G,3
SM-M025F,4
SM-M105F,3
SM-M105G,2
SM-M107F,1
SM-M115F,6
SM-M127F,27
SM-M127G,4
SM-M135F,4
SM-M205F,5
SM-M205FN,2
SM-M215F,6
SM-M225FV,7
SM-M236B,2
SM-M305F,1
SM-M305M,1
SM-M307FN,3
SM-M315F,16
SM-M317F,4
SM-M325F,3
SM-M325FV,13
SM-M326B,1
SM-M336BU,1
SM-M515F,10
SM-M526B,3
SM-M526BR,2
SM-M526R,2
SM-M536B,1
SM-M625F,1
SM-N770F,14
SM-N900,2
SM-N9005,6
SM-N9006,2
SM-N9007,2
SM-N900A,3
SM-N900K,2
SM-N900L,2
SM-N900P,4
SM-N900S,2
SM-N900T,3
SM-N900V,3
SM-N900W8,3
SM-N9100,3
SM-N9108V,2
SM-N9109W,2
SM-N910A,4
SM-N910C,5
SM-N910F,9
SM-N910G,2
SM-N910H,5
SM-N910K,3
SM-N910L,3
SM-N910P,3
SM-N910S,3
SM-N910T,4
SM-N910U,3
SM-N910V,5
SM-N910W8,2
SM-N9150,2
SM-N915A,1
SM-N915F,2
SM-N915FY,1
SM-N915G,2
SM-N915K,2
SM-N915P,1
SM-N915R4,2
SM-N915S,2
SM-N915T,1
SM-N915W8,2
SM-N916K,3
SM-N916L,3
SM-N916S,3
SM-N9200,2
SM-N9208,2
SM-N920A,7
SM-N920C,6
SM-N920F,3
SM-N920G,2
SM-N920I,4
SM-N920K,2
SM-N920L,2
SM-N920P,6
SM-N920R4,1
SM-N920R7,2
SM-N920S,3
SM-N920T,6
SM-N920V,8
SM-N920W8,1
SM-N930F,2
SM-N9500,1
SM-N950F,53
SM-N950N,4
SM-N950U,133
SM-N950U1,11
SM-N950W,2
SM-N9600,5
SM-N960F,97
SM-N960N,4
SM-N960U,222
SM-N960U1,36
SM-N960W,3
SM-N9700,1
SM-N970F,25
SM-N970U,91
SM-N970U1,3
SM-N971N,5
SM-N9750,1
SM-N975F,23
SM-N975U,124
SM-N975U1,28
SM-N975W,4
SM-N9760,1
SM-N976B,38
SM-N976N,3
SM-N976Q,2
SM-N976U,21
SM-N976V,22
SM-N980F,9
SM-N9810,173
SM-N981B,13
SM-N981N,1
SM-N981U,116
SM-N981U1,19
SM-N985F,7
SM-N9860,2
SM-N986B,40
SM-N986U,142
SM-N986U1,25
SM-N986W,5
SM-P205,2
SM-P350,2
SM-P355,2
SM-P555,2
SM-P5550,3
SM-P585,2
SM-P585M,2
SM-P585Y,2
SM-P610,61
SM-P613,3
SM-P615,38
SM-P900,1
SM-S102DL,80
SM-S111DL,50
SM-S115DL,78
SM-S120VL,2
SM-S124DL,135
SM-S127DL,15
SM-S134DL,416
SM-S136DL,100
SM-S205DL,20
SM-S215DL,2
SM-S260DL,8
SM-S320VL,2
SM-S326DL,43
SM-S327VL,5
SM-S367VL,21
SM-S506DL,28
SM-S515DL,68
SM-S536DL,19
SM-S550TL,2
SM-S727A,6
SM-S727R4,1
SM-S727T,3
SM-S727T1,10
SM-S727U,3
SM-S727V,4
SM-S727VL,9
SM-S757BL,3
SM-S767VL,25
SM-S901B,93
SM-S901E,2
SM-S901N,1
SM-S901U,484
SM-S901U1,36
SM-S901W,3
SM-S9060,1
SM-S906B,15
SM-S906E,4
SM-S906N,2
SM-S906U,152
SM-S906U1,11
SM-S907VL,2
SM-S9080,1
SM-S908B,95
SM-S908E,6
SM-S908N,2
SM-S908U,314
SM-S908U1,44
SM-S908W,8
SM-S920L,1
SM-S975L,2
SM-T-390,1
SM-T220,94
SM-T225,25
SM-T225N,1
SM-T227U,46
SM-T2558,2
SM-T280,9
SM-T285,2
SM-T290,68
SM-T295,11
SM-T307U,18
SM-T310,2
SM-T330,1
SM-T330NU,1
SM-T337A,3
SM-T350,12
SM-T355Y,3
SM-T360,1
SM-T365,3
SM-T375L,1
SM-T377P,7
SM-T377R4,1
SM-T377T,4
SM-T377V,4
SM-T377W,3
SM-T378V,3
SM-T380,4
SM-T385,3
SM-T387AA,4
SM-T387R4,1
SM-T387T,6
SM-T387V,8
SM-T387W,2
SM-T38VK,1
SM-T395,1
SM-T500,90
SM-T505,19
SM-T505N,3
SM-T510,101
SM-T515,18
SM-T517P,5
SM-T530,7
SM-T530NN,1
SM-T533,1
SM-T540,1
SM-T550,3
SM-T555,3
SM-T560NU,4
SM-T580,20
SM-T585,12
SM-T585N0,1
SM-T590,13
SM-T595,3
SM-T597P,1
SM-T597V,5
SM-T705,3
SM-T710,1
SM-T713,3
SM-T715,4
SM-T715Y,1
SM-T719,1
SM-T719Y,2
SM-T720,14
SM-T725,5
SM-T727,4
SM-T727A,6
SM-T727R4,1
SM-T727V,2
SM-T733,16
SM-T735,9
SM-T736B,5
SM-T738U,10
SM-T800,3
SM-T805,2
SM-T805C,2
SM-T805M,1
SM-T810,2
SM-T813,3
SM-T815,4
SM-T815N0,1
SM-T815Y,2
SM-T817T,2
SM-T819,1
SM-T820,3
SM-T830,3
SM-T835,5
SM-T837A,2
SM-T837T,5
SM-T837V,2
SM-T860,8
SM-T865,4
SM-T865V,1
SM-T867R4,2
SM-T867U,14
SM-T870,16
SM-T875,6
SM-T878U,7
SM-T900,2
SM-T970,8
SM-T976B,5
SM-T978U,2
SM-X200,42
SM-X205,7
SM-X700,8
SM-X706B,1
SM-X800,2
SM-X806B,1
SM-X808U,4
SM-X900,1
SM-X906B,1
SM701,2
SM705,2
SM801,2
SM901,2
SMART 4G MAX 5.0,2
SMART 4G MAX 5.5,2
SMART PLUS,1
SMART Surf2 4G,2
SMARTWAY X1,2
SNE-LX1,36
SNE-LX3,3
SO-01G,2
SO-01H,2
SO-01J,2
SO-01K,1
SO-02G,2
SO-02H,2
SO-02J,2
SO-03F,2
SO-03G,2
SO-03K,1
SO-04H,4
SO-52A,1
SOL23,2
SOL24,2
SOL26,2
SOV33,2
SOV34,1
SOV39,1
SOV41,2
SP200,1
SP320,2
SP6.2,2
SPH-D710,2
SPH-L720,4
SS4450,2
SS4453,2
SS4457,2
SS4458,2
ST1020,1
ST7701,2
STARADDICT 6,2
STARXTREM 6,2
STF-AL00,1
STF-AL10,1
STF-L09,9
STK-L21,15
STK-L22,6
STK-LX1,9
STK-LX3,9
STUDIO G2,2
STUDIO SELFIE 2,2
STV100-4,2
Scepter 8 Tablet,2
Seoul S6,2
Shark 1,3
Silver Q,2
Slate S5,1
Smart 4G.,2
Smart Ultra 6,4
Smart XL II,1
Smartphone 3.1 Lite,2
Smartphone 6.1,2
Smartway M1,2
Spark +,2
Speed-Y3,2
Spira E2X,2
Star,1
Stealth G5 7.85,2
Stratus C5,2
Stratus C5 Elite,112
Studio C HD,1
Studio G HD LTE,1
Studio G2 HD,2
Studio J1,2
Studio J2,2
Studio J5,2
Studio Touch,2
Studio X10L,8
Studio XL 2,2
Sunny,2
Sunny 2,2
Sunny 2 Plus,1
Sunshine_T1_Elite,10
Surface Duo,1
Swift,2
Swift 2 Plus,1
Swift 2 X,1
Sync 5e,2
T004,2
T00N,3
T00Q,2
T08,2
T11,2
T12,2
T12-EEA,2
T13,1
T20,1
T3,2
T40 Plus EEA,1
T44,2
T5-EEA,2
T6 pro,1
T601DL,32
T602DL,12
T603DL,13
T671H,13
T671O,14
T676H,1
T70,2
T701DL,3
T702,2
T766A,2
T766H EEA,2
T766S,8
T767H,5
T767W,79
T770B,2
T770H,4
T773O,3
T774H,4
T779W,33
T780H,1
T781,11
T781SPP,5
T790S,26
T790W,28
T790Y,5
T790Z,14
T799B,2
T799H,4
T7A6,2
T8,4
T810H,1
T810S,6
T86,1
T95,1
T963,2
TA-1000,2
TA-1003,2
TA-1004,1
TA-1012,3
TA-1020,3
TA-1021,2
TA-1024,1
TA-1025,2
TA-1027,1
TA-1032,4
TA-1033,3
TA-1041,1
TA-1053,3
TA-1357,4
TAB 2 A8-50F,2
TAB8,10
TAG-AL00,4
TAS-AL00,1
TAS-AN00,1
TAS-L29,1
TB-7104F,6
TB-7304I,1
TB-7305F,2
TB-7305X,1
TB-7306F,4
TB-7504X,1
TB-7703X,2
TB-8304F1,2
TB-8504F,3
TB-8504X,1
TB-8505F,7
TB-8505X,2
TB-8505XS,2
TB-8703X,2
TB-8704X,1
TB-8705F,3
TB-8705FS,9
TB-J606F,6
TB-J716F,2
TB-X103F,3
TB-X104F,5
TB-X304F,4
TB-X304L,1
TB-X306F,9
TB-X306X,2
TB-X505F,8
TB-X505L,2
TB-X505X,1
TB-X605F,3
TB-X605FC,1
TB-X605L,2
TB-X606F,18
TB-X606FA,3
TB-X606X,5
TB-X606XA,3
TB-X704A,1
TB-X704F,2
TB-X704L,2
TB-X705F,1
TB125FU,2
TB2-X30F,1
TB2-X30L,2
TB3-710F,1
TB3-730M,2
TB3-730X,2
TB3-850M,2
TBBVNC100005207,1
TC56,4
TECNO-N6,2
TECNO-N6S,2
TECNO-N8,2
TECNO-W5,2
TF300T,2
TFY-LX1,5
TFY-LX2,1
TG-L800S,2
TGW801L,2
TMAF025G,31
TMAF035G,49
TMRVL4G,133
TP260,2
TP450,2
TPC-101 3G,2
TREKKER-M1 CORE,2
TREKKER-X3,3
TRT-AL10A,1
TRT-L21A,1
TRT-L53,2
TRT-LX1,1
TRT-LX3,1
TRT-TL10,1
TT175,2
TTL713G,2
TW102,21
Tab 11,1
Tank Xtreme,1
Titan pocket,1
Titanium Octane Plus,2
Tommy,2
Touchpad,2
Trendy,2
Twist (2018),1
Twist S,2
U FEEL,2
U FEEL LITE,2
U Feel Go,2
U Feel Prime,2
U Play,2
U Ultra,1
U-2u,2
U10,2
U11,3
U11 life,2
U2,2
U20,2
U202AA,3
U22,2
U3,1
U304AA,15
U307AS,7
U316AT,68
U318AA,73
U319AA,109
U325AC,14
U50,1
U601S,2
U614AS,8
U616AT,17
U626AA,3
U693CL,19
U696CL,16
U705AA,7
U705AC,29
U9,2
U962,2
U963,2
U989,2
US215,2
US700,2
US997,1
US998,4
Ultra 3.0,2
Ultra Shadow,2
Ultra Storm,1
Ultra link,2
V1,2
V1 Nano,2
V11,2
V110,2
V12,2
V15,1
V1809A,2
V1813A,1
V1824A,3
V1832A,1
V1836A,1
V1838A,1
V188,2
V1901A,1
V1913A,1
V1914A,1
V1916A,1
V1923A,1
V1924A,1
V1930A,1
V1945A,1
V1986A,2
V20,4
V2001A,1
V2002A,2
V2022,1
V2023,3
V2025,1
V2026,10
V2027,7
V2028,3
V2029,3
V2031A,1
V2031_21,1
V2032,1
V2035,2
V2036,4
V2041,4
V2043,2
V2043 21,2
V2045,1
V2046A,1
V2053,2
V2055A,2
V2058,4
V2059,2
V2061,2
V2066,2
V2073A,1
V2109,7
V2110,2
V2111,11
V2115,3
V2116,2
V2118A,2
V2120,5
V2130,3
V2130A,1
V2131,3
V2131A,8
V2136A,1
V2141A,1
V2142,1
V2149,2
V2152,2
V2162A,1
V2183A,2
V3 5070,1
V3 5580,1
V3 5580 Dual,2
V32,2
V340U,3
V341U,7
V350C,21
V350U,13
V3Max,2
V4,1
V410,2
V504730,2
V521,3
V530,1
V7,1
V75,2
V7s,2
V930,1
VCE-AL00,1
VCT9F78Q22,1
VFD 1100,2
VFD 1400,2
VFD 300,2
VFD 301,2
VFD 500,2
VFD 502,1
VFD 529,1
VFD 600,2
VFD 620,2
VFD 630,1
VFD 700,2
VFD 710,3
VFD 720,2
VFD 730,4
VFD 820,1
VIA A1,2
VIA A1 1,1
VIA A1 Plus,2
VIA E1,2
VIA E2,2
VIA F1,2
VIA M1,2
VIA M2,2
VIA_A1_1,1
VIE-AL10,2
VIE-L09,2
VIE-L29,2
VIEW 1,3
VIVO 5,2
VIVO GO,1
VIVO XL,2
VK810,2
VKY-AL00,2
VKY-L09,6
VKY-L29,2
VNS-AL00,3
VNS-L21,3
VNS-L22,2
VNS-L23,2
VNS-L31,7
VNS-L52,2
VNS-L53,2
VNS-L62,2
VNS-TL00,2
VOG-AL00,4
VOG-AL10,2
VOG-L04,1
VOG-L09,104
VOG-L29,70
VOG-TL00,1
VS,2
VS425,2
VS425PP,2
VS500,2
VS500PP,4
VS501,9
VS835,4
VS985,3
VS986,2
VS987,4
VS988,3
VS995,2
VS996,6
VS9987,1
VTR-AL00,2
VTR-L09,11
VTR-L29,3
Vandroid E1C 3G,2
Vans 9,2
Vega Secret Note IM-A890K,2
Venus 5000,2
Venus 5000 2GB,2
Venus 5000 Dual,1
Venus V3 5040,3
Venus V3 5040 2GB,2
Venus V3 5570,3
Venus V3 5580,1
Venus V3 S010,2
Venus X17,2
Viking Pro 10,1
Vivo 1929,1
Vivo 2015,7
Vivo 2018,2
Vivo 5R,2
Vivo 6,2
Vivo XI PLUS,1
Vivo XL2,2
Volt SV55,127
W-K420-TVM,1
W-K630 EEA,1
W-P311-EEA,1
W-V680-EEA,1
W-V720-EEA,1
W-V730-EEA,2
W-V745-EEA,3
W-V755-EEA,1
W-V770,1
W-V830-EEA,2
W-V850-EEA,1
W-V851-EEA,1
W10,2
W2,4
W3,4
W3 LTE,2
W4,2
W5 Lite,2
W5001P,2
W5002,1
W5005,1
W50A,2
W55,2
W5504,2
W55G,1
W6,2
W6001,3
W6002,2
W6002E,1
W6004,6
W6004P,2
W6501,3
W6502,2
W7,4
W9S,2
WAS-AL00,2
WAS-LX1,6
WAS-LX1A,11
WAS-LX2,2
WAS-TL10,3
WP10,1
WP12,1
WP17,2
WP18,1
WP5,5
WP5 Pro,3
WP6,2
WP7,3
WTCELERO5G,105
WTVIS01,4
WX3,1
WX3P,2
WinTab P20,2
Wish A11,2
X,3
X-music II pro,2
X007D,2
X008,2
X008D,2
X008DA,2
X008DC,2
X008DD,2
X008DDA,1
X009DA,1
X00AD,2
X00ADA,1
X00ADC,2
X00DDA,1
X00DDB,3
X00HD,1
X00LD,1
X00LDA,1
X00PD,1
X00TD,1
X018D,1
X018DC,1
X01BDA,2
X1,2
X1 Max,2
X10,5
X100,230
X109,1
X10u,2
X17,2
X19,2
X19 S,1
X2,10
X2 Euro,1
X2-EU,2
X2-TO,2
X20,5
X20 Pro,2
X21A,1
X220,3
X23,3
X230,2
X240,2
X27,1
X2Pt5,2
X3,2
X30,3
X3V,2
X3_Soul_Lite,2
X4,3
X41 Plus,2
X410.F,3
X410.FG,3
X410.FGN,1
X410PM,1
X5,2
X5 Lite,1
X5 Max Pro,2
X5 Pro,2
X5 Pro D,2
X5 Pro V,2
X50 Plus,2
X500,1
X501,3
X507,2
X510,2
X510t,2
X511B,2
X521,2
X53,1
X537,2
X550,2
X552,3
X554,1
X557,2
X557 Lite,2
X559C,8
X571,2
X572,3
X573,3
X5F,2
X5Max+,3
X5max,2
X6,3
X600,5
X600 LTE,2
X604,3
X605,4
X606,2
X606C,3
X606D,2
X608,2
X610B,1
X612B,9
X623,1
X624B,5
X626,7
X626B,3
X627,2
X650,9
X650B,5
X650C,2
X650D,2
X6511B,7
X6511G,3
X652,4
X652A,3
X652B,4
X652C,3
X653,2
X653C,1
X655,2
X655C,8
X655F,1
X656,6
X657,17
X657B,8
X657C,13
X658E,1
X659B,2
X660B,2
X660C,3
X662B,2
X663,2
X665,2
X665B,9
X672,2
X680,5
X680B,1
X680F,1
X6810,1
X6811,3
X6811B,1
X6812,1
X6817,2
X682B,12
X682C,2
X683,5
X687,4
X687B,1
X688B,13
X688C,2
X689B,2
X689C,7
X689F,2
X690,7
X690B,1
X692,2
X693,6
X695,2
X697,3
X698,1
X6A,2
X6D,2
X6Plus A,2
X6Plus D,2
X6S A,4
X6SPlus,2
X6SPlus A,2
X6SPlus D,2
X6pro,2
X7,7
X7 Plus,3
X700 PRO II,2
X710L,2
X7T,2
X81,2
X815,1
X818,2
X9,3
X9 Mini,1
X9 Pro,2
X900,2
X9000,2
X9006,2
X9009,2
X903S,2
X9079,2
X909,2
X909T,3
X920e,2
X93,2
X95,2
X95 Pro,3
X96Pro,2
X9L,2
X9Plus,3
X9Plus L,2
X9i,3
X9s L,1
XI CEU8,2
XI-CEU8,2
XI-CEX5,2
XL29h,2
XP7700,2
XP8800,4
XQ-AD51,22
XQ-AD52,1
XQ-AS52,10
XQ-AS62,1
XQ-AT51,12
XQ-AT52,1
XQ-AU51,7
XQ-AU52,5
XQ-BC52,1
XQ-BE52,2
XQ-BE72,3
XQ-BQ52,6
XQ-BT52,13
XR20,2
XT1021,95
XT1052,1
XT1058,3
XT1063,2
XT1064,3
XT1068,2
XT1069,2
XT1072,1
XT1078,2
XT1079,2
XT1085,2
XT1095,2
XT1097,2
XT1225,2
XT1254,2
XT1562,3
XT1563,3
XT1565,2
XT1585,6
XT1609,4
XT1635-01,3
XT1635-02,1
XT1650,2
XT1662,2
XT1663,2
XT1700,2
XT1706,2
XT1710-02,7
XT1789-05,4
XT1920DL,2
XT1925,11
XT1925DL,2
XT1935-02,2
XT2005DL,70
XT2041DL,19
XT2115DL,2
XT2125-4,1
Xenium V787,2
Xperia C6802,2
Xperia C6906,3
Xperia D6633,3
Xperia D6646,2
Xperia D6653,3
Xperia SGP621,3
Xperia SGP771,1
Xplay6,5
Xshot,1
Y10,3
Y12,2
Y31A,2
Y37,2
Y53,2
Y53 1606,2
Y53 1606A,2
Y53L,2
Y55,2
Y55 1603,2
Y55A,2
Y55L,2
Y5L,2
Y6,1
Y6 Max,2
Y603,2
Y66,2
Y66L,2
Y66i,1
Y66i A,1
Y67,3
Y67A,2
Y67L,2
Y71A,1
Y75,1
Y79A,1
Y83-I00,2
Y85A,1
Y9,2
Y910,2
YAL-AL10,4
YAL-L21,26
YAL-L41,6
YB1-X90F,1
YD206,2
YQ601,2
YQ607,2
YT-J706F,2
YT-X703F,1
YT-X705F,2
YT-X705X,1
YT3-850M,2
YT3-X50F,2
YT3-X50M,2
YU4711,1
YU5040,2
YU5510A,2
YU5530,2
Z008,2
Z008D,2
Z00ADB,2
Z00ED,2
Z00LD,2
Z00LDD,2
Z00MD,2
Z00RD,1
Z00TD,2
Z00UD,3
Z00UDB,1
Z00UDH,2
Z010D,2
Z011D,3
Z012DA,2
Z012DE,3
Z016D,3
Z016S,2
Z017D,2
Z017DA,1
Z01BDB,3
Z01QD,4
Z01RD,1
Z1,1
Z10,4
Z12 PRO,2
Z15,2
Z220,1
Z3,2
Z3153V,5
Z3351S,5
Z3352CA,1
Z4,2
Z5 Lte,2
Z5151V,2
Z5156CC,10
Z5157V,5
Z5158,7
Z557BL,3
Z558VL,2
Z559DL,3
Z6,2
Z6 mini,2
Z610DL,2
Z6201V,4
Z6250CC,3
Z6251V,3
Z6750M,1
Z719DL,1
Z798BL,1
Z799VL,2
Z820,1
Z828,1
Z831,2
Z832,2
Z833,2
Z836BL,2
Z839,6
Z855,2
Z899VL,1
Z90-7,1
Z90a40,4
Z917VL,1
Z956,2
Z957,1
Z958,2
Z963U,2
Z963VL,3
Z965,1
Z971,1
Z981,6
Z982,4
Z983,2
Z986DL,2
Z986U,2
Z988,3
ZB500KL,2
ZC554KL,1
ZE551ML,3
ZE620KL,2
ZUK Z1,3
ZUK Z2121,2
ZUK Z2131,3
ZUK Z2132,3
Zero 4,2
Zero 4 Plus,2
cp3705A,14
cp3705AS,24
d-02H,2
dandelion,2
eMAX mini,2
edge (2021),19
edge 20 fusion,1
edge 20 lite,22
edge 30,1
hi6210sft,2
i1,2
i10,2
i2,2
i3,1
i30,2
i5010,2
i5011,2
i5031,2
i5C,2
i5E,2
i5K,2
i6 Metal HD,1
i6 Metal ONE,1
i7,2
i7A,2
i9556,2
iPlay 20,1
iPlay 40H,1
iQL626,1
iris 820,2
iris 870,2
iris 870 4G,2
iris50,2
iris702,2
it1409,2
it1460 Pro,2
it1513,2
m1 metal,2
m3 note,2
miTab_Seattle,2
moto E5 cruise,6
moto E5 play,17
moto e,5
moto e(7),24
moto e(7) plus,3
moto e(7) power,6
moto e20,84
moto e5,1
moto e5 supra,3
moto g 5G plus,4
moto g play (2021),223
moto g play (XT2093DL),76
moto g pure,1071
moto g stylus (2021),108
moto g(10),64
moto g(100),3
moto g(30),45
moto g(50) 5G,3
moto g(6),1
moto g(60),5
moto g(60)s,7
moto g(7) optimo (XT1952DL),6
moto g(7) optimo maxx(XT1955DL),18
moto g(8) plus,7
moto g(9) plus,14
moto g(9) power,8
moto g51 5G,3
moto g62 5G,3
moto g71 5G,1
one 5G ace,172
phone M1,2
razr (2020),2
s5526,2
u2,1
vivo X21i A,1
x96,2
